encoded_destination_id,destination_movement_id,destination_display_name
0,1315,609692 (1315)
1,1320,609694 (1320)
2,1369,609624 (1369)
3,1517,609682 (1517)
4,1540,609691 (1540)
5,1597,609683 (1597)
6,1643,609671 (1643)
7,1673,609595 (1673)
8,1680,609631 (1680)
9,1682,609636 (1682)
10,1688,609638 (1688)
11,1695,609601 (1695)
12,1703,609604 (1703)
13,1704,609606 (1704)
14,1715,609605 (1715)
15,1723,609625 (1723)
16,1741,709812 (1741)
17,1749,709814 (1749)
18,1757,709815 (1757)
19,1762,609464 (1762)
20,1772,709763 (1772)
21,1774,609452 (1774)
22,1786,609332 (1786)
23,1789,709764 (1789)
24,1801,709768 (1801)
25,1806,609451 (1806)
26,1809,709782 (1809)
27,1816,709783 (1816)
28,1824,709787 (1824)
29,1825,609461 (1825)
30,1847,709788 (1847)
31,1849,709736 (1849)
32,1860,609342 (1860)
33,1862,709712 (1862)
34,1863,709738 (1863)
35,1864,709739 (1864)
36,1865,709721 (1865)
37,1877,609470 (1877)
38,1915,709713 (1915)
39,1919,609434 (1919)
40,1938,609334 (1938)
41,1951,609350 (1951)
42,1985,609322 (1985)
43,1987,709716 (1987)
44,2006,709717 (2006)
45,2017,609281 (2017)
46,2019,609291 (2019)
47,2020,609301 (2020)
48,2022,609292 (2022)
49,2042,609303 (2042)
50,2044,609270 (2044)
51,2048,609310 (2048)
52,2054,609261 (2054)
53,2074,609250 (2074)
54,2076,609263 (2076)
55,2081,609241 (2081)
56,2092,609242 (2092)
57,2116,609152 (2116)
58,2117,609141 (2117)
59,2125,609142 (2125)
60,2142,609111 (2142)
61,2155,609102 (2155)
62,2158,609082 (2158)
63,2167,609070 (2167)
64,2171,609071 (2171)
65,2178,910582 (2178)
66,2189,507883 (2189)
67,2194,507892 (2194)
68,2213,507953 (2213)
69,2233,507871 (2233)
70,2249,910617 (2249)
71,2266,910615 (2266)
72,2273,910601 (2273)
73,2282,507954 (2282)
74,2315,507961 (2315)
75,2316,507861 (2316)
76,2318,910641 (2318)
77,2319,910613 (2319)
78,2320,507955 (2320)
79,2335,508720 (2335)
80,2336,910623 (2336)
81,2341,508713 (2341)
82,2342,508750 (2342)
83,2346,508811 (2346)
84,2355,507862 (2355)
85,2356,508812 (2356)
86,2380,507840 (2380)
87,2387,508831 (2387)
88,2398,910634 (2398)
89,2401,507971 (2401)
90,2414,507994 (2414)
91,2436,507833 (2436)
92,2441,910631 (2441)
93,2458,507991 (2458)
94,2462,507790 (2462)
95,2471,507784 (2471)
96,2475,507984 (2475)
97,2478,910791 (2478)
98,2492,507763 (2492)
99,2501,507751 (2501)
100,2508,910780 (2508)
101,2513,507981 (2513)
102,2543,508002 (2543)
103,2558,507996 (2558)
104,2559,507995 (2559)
105,2565,508092 (2565)
106,2576,507761 (2576)
107,2582,507740 (2582)
108,2584,507997 (2584)
109,2600,910771 (2600)
110,2614,508081 (2614)
111,2616,910793 (2616)
112,2626,910794 (2626)
113,2627,507998 (2627)
114,2628,508071 (2628)
115,2629,910812 (2629)
116,2634,508070 (2634)
117,2638,910814 (2638)
118,2667,508261 (2667)
119,2669,507712 (2669)
120,2677,507681 (2677)
121,2687,507714 (2687)
122,2713,507711 (2713)
123,2718,910842 (2718)
124,2720,910811 (2720)
125,2722,507713 (2722)
126,2745,910843 (2745)
127,2747,508422 (2747)
128,2756,508062 (2756)
129,2771,910835 (2771)
130,2786,507642 (2786)
131,2789,507652 (2789)
132,2814,508065 (2814)
133,2827,910834 (2827)
134,2830,910851 (2830)
135,2832,508412 (2832)
136,2836,508430 (2836)
137,2837,507641 (2837)
138,2850,910864 (2850)
139,2858,508264 (2858)
140,2860,508411 (2860)
141,2862,507655 (2862)
142,2872,508066 (2872)
143,2874,910833 (2874)
144,2883,508252 (2883)
145,2886,508416 (2886)
146,2887,507601 (2887)
147,2888,508402 (2888)
148,2895,507583 (2895)
149,2899,507591 (2899)
150,2901,507581 (2901)
151,2902,507590 (2902)
152,2912,508415 (2912)
153,2916,508401 (2916)
154,2919,508442 (2919)
155,2921,507550 (2921)
156,2923,508451 (2923)
157,2925,508404 (2925)
158,2927,910831 (2927)
159,2928,508381 (2928)
160,2930,910861 (2930)
161,2934,507562 (2934)
162,2935,507552 (2935)
163,2936,507575 (2936)
164,2937,507574 (2937)
165,2939,507551 (2939)
166,2940,508441 (2940)
167,2941,508452 (2941)
168,2947,508284 (2947)
169,2948,507572 (2948)
170,2951,508283 (2951)
171,2952,910940 (2952)
172,2953,507534 (2953)
173,2954,508446 (2954)
174,2958,508393 (2958)
175,2960,508272 (2960)
176,2961,910921 (2961)
177,2963,507571 (2963)
178,2964,507561 (2964)
179,2967,507500 (2967)
180,2969,508382 (2969)
181,2970,508472 (2970)
182,2971,508271 (2971)
183,2973,508471 (2973)
184,2976,507521 (2976)
185,2977,507531 (2977)
186,2979,508464 (2979)
187,2988,507532 (2988)
188,2992,508273 (2992)
189,2993,508282 (2993)
190,2995,508461 (2995)
191,2998,508474 (2998)
192,3002,508473 (3002)
193,3003,507480 (3003)
194,3007,407407 (3007)
195,3010,507533 (3010)
196,3011,508291 (3011)
197,3013,910891 (3013)
198,3014,910922 (3014)
199,3016,407402 (3016)
200,3018,910930 (3018)
201,3019,910951 (3019)
202,3028,407460 (3028)
203,3029,508361 (3029)
204,3031,508371 (3031)
205,3032,407404 (3032)
206,3033,508372 (3033)
207,3034,407395 (3034)
208,3035,508482 (3035)
209,3037,407461 (3037)
210,3039,407394 (3039)
211,3042,508285 (3042)
212,3044,508323 (3044)
213,3046,508483 (3046)
214,3047,508503 (3047)
215,3048,407406 (3048)
216,3052,910901 (3052)
217,3053,508313 (3053)
218,3055,508363 (3055)
219,3057,508321 (3057)
220,3059,508312 (3059)
221,3060,407410 (3060)
222,3063,407443 (3063)
223,3065,407442 (3065)
224,3068,407403 (3068)
225,3069,910911 (3069)
226,3071,407445 (3071)
227,3073,407450 (3073)
228,3076,407446 (3076)
229,3079,407393 (3079)
230,3080,508492 (3080)
231,3081,407384 (3081)
232,3082,508281 (3082)
233,3084,407381 (3084)
234,3086,407421 (3086)
235,3087,407171 (3087)
236,3088,910973 (3088)
237,3090,407246 (3090)
238,3091,407431 (3091)
239,3092,407430 (3092)
240,3094,407244 (3094)
241,3095,407420 (3095)
242,3097,508502 (3097)
243,3098,910912 (3098)
244,3100,407241 (3100)
245,3103,508311 (3103)
246,3104,407432 (3104)
247,3106,407322 (3106)
248,3108,407325 (3108)
249,3110,407321 (3110)
250,3111,508302 (3111)
251,3113,407353 (3113)
252,3114,407383 (3114)
253,3116,508301 (3116)
254,3117,407382 (3117)
255,3119,407371 (3119)
256,3120,407370 (3120)
257,3121,407361 (3121)
258,3123,910980 (3123)
259,3126,407360 (3126)
260,3127,407324 (3127)
261,3128,910972 (3128)
262,3129,407351 (3129)
263,3130,407323 (3130)
264,3133,508524 (3133)
265,3134,407331 (3134)
266,3137,407344 (3137)
267,3138,407341 (3138)
268,3139,407310 (3139)
269,3140,407342 (3140)
270,3141,508303 (3141)
271,3142,508331 (3142)
272,3143,407343 (3143)
273,3145,407301 (3145)
274,3146,407170 (3146)
275,3147,407352 (3147)
276,3148,407332 (3148)
277,3149,407302 (3149)
278,3150,407303 (3150)
279,3152,508522 (3152)
280,3153,407242 (3153)
281,3154,407345 (3154)
282,3156,407346 (3156)
283,3157,407354 (3157)
284,3158,508541 (3158)
285,3160,407181 (3160)
286,3162,407298 (3162)
287,3163,407291 (3163)
288,3164,407348 (3164)
289,3166,407281 (3166)
290,3168,407297 (3168)
291,3169,407292 (3169)
292,3171,508523 (3171)
293,3172,407256 (3172)
294,3173,910991 (3173)
295,3174,407252 (3174)
296,3175,407282 (3175)
297,3176,407251 (3176)
298,3177,910974 (3177)
299,3178,407296 (3178)
300,3180,407243 (3180)
301,3181,407283 (3181)
302,3185,407160 (3185)
303,3186,407294 (3186)
304,3187,407255 (3187)
305,3188,407254 (3188)
306,3189,407295 (3189)
307,3190,407253 (3190)
308,3191,407284 (3191)
309,3192,407182 (3192)
310,3193,407183 (3193)
311,3194,407184 (3194)
312,3195,407271 (3195)
313,3196,407161 (3196)
314,3197,910971 (3197)
315,3198,407245 (3198)
316,3199,407272 (3199)
317,3204,407262 (3204)
318,3205,407260 (3205)
319,3206,407261 (3206)
320,3208,407205 (3208)
321,3209,407204 (3209)
322,3210,407206 (3210)
323,3211,407155 (3211)
324,3212,508551 (3212)
325,3213,407202 (3213)
326,3214,407195 (3214)
327,3215,407273 (3215)
328,3216,407196 (3216)
329,3217,508525 (3217)
330,3218,407223 (3218)
331,3219,407233 (3219)
332,3220,407154 (3220)
333,3221,407152 (3221)
334,3222,407191 (3222)
335,3223,407234 (3223)
336,3224,508334 (3224)
337,3225,407193 (3225)
338,3226,407231 (3226)
339,3227,407201 (3227)
340,3229,407221 (3229)
341,3230,407211 (3230)
342,3231,407212 (3231)
343,3232,508552 (3232)
344,3233,508582 (3233)
345,3234,407203 (3234)
346,3236,407194 (3236)
347,3237,407153 (3237)
348,3240,407222 (3240)
349,3241,406830 (3241)
350,3243,407192 (3243)
351,3246,407151 (3246)
352,3247,407224 (3247)
353,3248,407210 (3248)
354,3249,508335 (3249)
355,3252,407156 (3252)
356,3253,407232 (3253)
357,3254,407111 (3254)
358,3255,407120 (3255)
359,3257,407235 (3257)
360,3258,407130 (3258)
361,3261,508584 (3261)
362,3262,407143 (3262)
363,3263,407236 (3263)
364,3264,407061 (3264)
365,3267,407110 (3267)
366,3268,406852 (3268)
367,3269,406831 (3269)
368,3270,406840 (3270)
369,3271,508571 (3271)
370,3272,407112 (3272)
371,3273,100311 (3273)
372,3274,407142 (3274)
373,3275,407121 (3275)
374,3276,407131 (3276)
375,3277,407065 (3277)
376,3278,406820 (3278)
377,3279,406910 (3279)
378,3281,407102 (3281)
379,3282,407144 (3282)
380,3283,406911 (3283)
381,3286,406851 (3286)
382,3288,407062 (3288)
383,3289,406912 (3289)
384,3291,407108 (3291)
385,3292,407066 (3292)
386,3302,407104 (3302)
387,3303,407141 (3303)
388,3304,406850 (3304)
389,3305,406940 (3305)
390,3306,406950 (3306)
391,3307,407107 (3307)
392,3308,508575 (3308)
393,3312,406920 (3312)
394,3313,406811 (3313)
395,3315,407103 (3315)
396,3316,508587 (3316)
397,3317,508576 (3317)
398,3318,407101 (3318)
399,3319,407106 (3319)
400,3322,406951 (3322)
401,3324,407063 (3324)
402,3325,406931 (3325)
403,3327,406900 (3327)
404,3329,407105 (3329)
405,3331,406952 (3331)
406,3333,407109 (3333)
407,3336,406941 (3336)
408,3337,407073 (3337)
409,3338,407082 (3338)
410,3340,406863 (3340)
411,3343,407083 (3343)
412,3344,406942 (3344)
413,3346,406862 (3346)
414,3347,407064 (3347)
415,3348,407090 (3348)
416,3349,406932 (3349)
417,3350,406864 (3350)
418,3351,407074 (3351)
419,3353,406800 (3353)
420,3354,406961 (3354)
421,3357,406812 (3357)
422,3359,406933 (3359)
423,3367,406964 (3367)
424,3368,508601 (3368)
425,3369,508591 (3369)
426,3370,100281 (3370)
427,3371,406963 (3371)
428,3372,100301 (3372)
429,3373,407072 (3373)
430,3374,406861 (3374)
431,3375,100324 (3375)
432,3376,406971 (3376)
433,3377,100392 (3377)
434,3378,407091 (3378)
435,3379,406630 (3379)
436,3380,407071 (3380)
437,3381,406962 (3381)
438,3382,100393 (3382)
439,3383,406644 (3383)
440,3384,407051 (3384)
441,3385,407084 (3385)
442,3388,406881 (3388)
443,3389,100321 (3389)
444,3390,407081 (3390)
445,3391,406965 (3391)
446,3392,406966 (3392)
447,3393,406880 (3393)
448,3394,100284 (3394)
449,3395,406994 (3395)
450,3396,100381 (3396)
451,3398,406969 (3398)
452,3399,406643 (3399)
453,3401,406801 (3401)
454,3402,406991 (3402)
455,3403,406968 (3403)
456,3405,40699D (3405)
457,3406,100261 (3406)
458,3409,406973 (3409)
459,3410,406967 (3410)
460,3411,100304 (3411)
461,3413,100291 (3413)
462,3414,100283 (3414)
463,3415,100282 (3415)
464,3416,406993 (3416)
465,3417,40699E (3417)
466,3418,406641 (3418)
467,3420,406891 (3420)
468,3421,100325 (3421)
469,3422,406992 (3422)
470,3423,100302 (3423)
471,3424,100382 (3424)
472,3425,100273 (3425)
473,3427,406999 (3427)
474,3430,100272 (3430)
475,3431,100322 (3431)
476,3432,100331 (3432)
477,3433,40699F (3433)
478,3434,406872 (3434)
479,3436,100271 (3436)
480,3438,100394 (3438)
481,3439,100323 (3439)
482,3440,100274 (3440)
483,3441,40699C (3441)
484,3442,406995 (3442)
485,3443,100292 (3443)
486,3444,100334 (3444)
487,3445,407053 (3445)
488,3446,40699G (3446)
489,3447,100335 (3447)
490,3448,100391 (3448)
491,3449,100383 (3449)
492,3450,40699A (3450)
493,3451,406972 (3451)
494,3452,100303 (3452)
495,3454,406794 (3454)
496,3455,100332 (3455)
497,3456,406871 (3456)
498,3458,100254 (3458)
499,3459,100293 (3459)
500,3461,100384 (3461)
501,3462,100253 (3462)
502,3463,100251 (3463)
503,3464,406996 (3464)
504,3465,40699B (3465)
505,3466,406984 (3466)
506,3467,406998 (3467)
507,3468,100275 (3468)
508,3469,100161 (3469)
509,3473,100371 (3473)
510,3474,407001 (3474)
511,3475,406892 (3475)
512,3476,406791 (3476)
513,3477,100333 (3477)
514,3478,100231 (3478)
515,3479,100294 (3479)
516,3480,100262 (3480)
517,3481,100336 (3481)
518,3482,100375 (3482)
519,3483,406985 (3483)
520,3484,406657 (3484)
521,3485,100233 (3485)
522,3486,406672 (3486)
523,3487,406642 (3487)
524,3488,100341 (3488)
525,3489,100255 (3489)
526,3490,406997 (3490)
527,3493,406771 (3493)
528,3494,100252 (3494)
529,3495,406983 (3495)
530,3496,100241 (3496)
531,3497,100342 (3497)
532,3498,407002 (3498)
533,3501,100372 (3501)
534,3502,407004 (3502)
535,3504,100343 (3504)
536,3505,100232 (3505)
537,3507,100374 (3507)
538,3509,100256 (3509)
539,3510,406620 (3510)
540,3511,406793 (3511)
541,3513,100344 (3513)
542,3514,406656 (3514)
543,3515,406653 (3515)
544,3520,100176 (3520)
545,3523,100373 (3523)
546,3524,100171 (3524)
547,3531,406615 (3531)
548,3533,100242 (3533)
549,3534,100183 (3534)
550,3535,407003 (3535)
551,3536,406982 (3536)
552,3538,100181 (3538)
553,3539,100351 (3539)
554,3540,100221 (3540)
555,3543,100243 (3543)
556,3544,406651 (3544)
557,3545,100354 (3545)
558,3546,100162 (3546)
559,3547,100163 (3547)
560,3548,100362 (3548)
561,3549,100093 (3549)
562,3550,100182 (3550)
563,3551,100172 (3551)
564,3552,100363 (3552)
565,3553,100361 (3553)
566,3555,100222 (3555)
567,3556,100173 (3556)
568,3557,100174 (3557)
569,3558,406981 (3558)
570,3560,100177 (3560)
571,3561,100166 (3561)
572,3562,100365 (3562)
573,3563,100167 (3563)
574,3565,100175 (3565)
575,3566,100168 (3566)
576,3567,100178 (3567)
577,3569,100179 (3569)
578,3570,100164 (3570)
579,3571,100165 (3571)
580,3572,406780 (3572)
581,3573,100191 (3573)
582,3574,10017A (3574)
583,3576,10017B (3576)
584,3577,10017F (3577)
585,3578,100011 (3578)
586,3580,100184 (3580)
587,3581,10017E (3581)
588,3582,100101 (3582)
589,3583,100012 (3583)
590,3584,100091 (3584)
591,3585,10017D (3585)
592,3586,100013 (3586)
593,3587,10017C (3587)
594,3588,406666 (3588)
595,3589,100192 (3589)
596,3590,100016 (3590)
597,3592,100223 (3592)
598,3594,100352 (3594)
599,3595,100193 (3595)
600,3596,100017 (3596)
601,3597,10001A (3597)
602,3598,100019 (3598)
603,3599,100014 (3599)
604,3600,100096 (3600)
605,3601,407010 (3601)
606,3602,100015 (3602)
607,3603,10001I (3603)
608,3604,100353 (3604)
609,3605,10001B (3605)
610,3606,100092 (3606)
611,3607,100018 (3607)
612,3608,10001H (3608)
613,3610,100364 (3610)
614,3611,406655 (3611)
615,3612,10001G (3612)
616,3613,10036A (3613)
617,3614,10001F (3614)
618,3615,100094 (3615)
619,3616,406671 (3616)
620,3617,100097 (3617)
621,3619,100211 (3619)
622,3620,10001E (3620)
623,3621,10001D (3621)
624,3622,10001C (3622)
625,3623,100369 (3623)
626,3624,10001S (3624)
627,3625,10001U (3625)
628,3626,10001J (3626)
629,3627,100095 (3627)
630,3629,10001K (3629)
631,3630,100199 (3630)
632,3631,10009D (3631)
633,3632,100366 (3632)
634,3633,100212 (3633)
635,3634,10001L (3634)
636,3635,10001N (3635)
637,3637,100511 (3637)
638,3638,10001O (3638)
639,3639,406762 (3639)
640,3640,406652 (3640)
641,3641,100367 (3641)
642,3642,10009A (3642)
643,3643,10001R (3643)
644,3644,10001P (3644)
645,3645,10009E (3645)
646,3646,100194 (3646)
647,3647,10001V (3647)
648,3648,100368 (3648)
649,3649,100198 (3649)
650,3650,100028 (3650)
651,3651,100027 (3651)
652,3652,100099 (3652)
653,3653,100152 (3653)
654,3654,100514 (3654)
655,3655,100087 (3655)
656,3656,100025 (3656)
657,3657,100026 (3657)
658,3659,100195 (3659)
659,3660,100024 (3660)
660,3661,100436 (3661)
661,3662,100023 (3662)
662,3663,100515 (3663)
663,3664,100022 (3664)
664,3665,10009C (3665)
665,3666,100571 (3666)
666,3667,100082 (3667)
667,3668,100213 (3668)
668,3669,100029 (3669)
669,3670,100021 (3670)
670,3671,100512 (3671)
671,3672,100197 (3672)
672,3674,10002A (3674)
673,3675,100573 (3675)
674,3676,10002B (3676)
675,3678,10002C (3678)
676,3679,100103 (3679)
677,3680,406654 (3680)
678,3681,100491 (3681)
679,3682,100196 (3682)
680,3683,100081 (3683)
681,3684,10009B (3684)
682,3685,100574 (3685)
683,3686,10002D (3686)
684,3688,10002F (3688)
685,3690,100201 (3690)
686,3691,406613 (3691)
687,3692,100084 (3692)
688,3694,10002E (3694)
689,3695,406772 (3695)
690,3696,10002L (3696)
691,3698,100575 (3698)
692,3700,100516 (3700)
693,3701,10002K (3701)
694,3702,100494 (3702)
695,3703,100561 (3703)
696,3704,10002H (3704)
697,3705,100151 (3705)
698,3706,10002G (3706)
699,3707,100475 (3707)
700,3708,100202 (3708)
701,3709,10002J (3709)
702,3710,100513 (3710)
703,3711,100562 (3711)
704,3712,100031 (3712)
705,3714,100419 (3714)
706,3715,10002I (3715)
707,3716,10002M (3716)
708,3717,100083 (3717)
709,3718,100517 (3718)
710,3719,10002N (3719)
711,3720,100434 (3720)
712,3721,100521 (3721)
713,3722,100572 (3722)
714,3724,10002O (3724)
715,3726,100435 (3726)
716,3727,100203 (3727)
717,3728,100086 (3728)
718,3729,100032 (3729)
719,3730,100576 (3730)
720,3731,100034 (3731)
721,3732,100205 (3732)
722,3733,10002Q (3733)
723,3736,100524 (3736)
724,3737,100102 (3737)
725,3738,10002P (3738)
726,3739,406712 (3739)
727,3740,100474 (3740)
728,3741,100471 (3741)
729,3742,406612 (3742)
730,3743,100563 (3743)
731,3744,100085 (3744)
732,3745,100451 (3745)
733,3746,100525 (3746)
734,3747,100455 (3747)
735,3748,100033 (3748)
736,3750,406681 (3750)
737,3751,100431 (3751)
738,3752,100522 (3752)
739,3753,100071 (3753)
740,3754,100492 (3754)
741,3755,100204 (3755)
742,3756,10002R (3756)
743,3758,100523 (3758)
744,3759,100564 (3759)
745,3760,100041 (3760)
746,3761,100043 (3761)
747,3762,100591 (3762)
748,3763,100593 (3763)
749,3766,100044 (3766)
750,3767,100112 (3767)
751,3768,100473 (3768)
752,3769,100051 (3769)
753,3771,100592 (3771)
754,3772,100073 (3772)
755,3773,100452 (3773)
756,3775,100055 (3775)
757,3776,100153 (3776)
758,3777,100418 (3777)
759,3778,100454 (3778)
760,3779,100581 (3779)
761,3780,100072 (3780)
762,3781,406614 (3781)
763,3783,100111 (3783)
764,3784,100433 (3784)
765,3785,100586 (3785)
766,3787,100042 (3787)
767,3788,406703 (3788)
768,3789,100801 (3789)
769,3790,100493 (3790)
770,3791,100114 (3791)
771,3792,100792 (3792)
772,3793,100541 (3793)
773,3795,100599 (3795)
774,3796,100472 (3796)
775,3798,100543 (3798)
776,3801,100453 (3801)
777,3802,100141 (3802)
778,3803,100544 (3803)
779,3804,100594 (3804)
780,3805,100054 (3805)
781,3806,100076 (3806)
782,3807,100074 (3807)
783,3809,100432 (3809)
784,3810,100596 (3810)
785,3811,100113 (3811)
786,3812,100052 (3812)
787,3813,100585 (3813)
788,3815,100597 (3815)
789,3816,100426 (3816)
790,3819,100531 (3819)
791,3820,100116 (3820)
792,3821,100411 (3821)
793,3822,100533 (3822)
794,3823,100501 (3823)
795,3824,100582 (3824)
796,3825,100415 (3825)
797,3826,100503 (3826)
798,3828,100481 (3828)
799,3829,100545 (3829)
800,3830,100416 (3830)
801,3831,100075 (3831)
802,3833,100485 (3833)
803,3836,100461 (3836)
804,3837,100061 (3837)
805,3838,100115 (3838)
806,3839,100441 (3839)
807,3840,100595 (3840)
808,3841,407020 (3841)
809,3842,100446 (3842)
810,3843,100611 (3843)
811,3844,100584 (3844)
812,3845,406570 (3845)
813,3846,406434 (3846)
814,3847,100421 (3847)
815,3848,100598 (3848)
816,3850,100425 (3850)
817,3851,100122 (3851)
818,3852,406763 (3852)
819,3853,406761 (3853)
820,3858,100583 (3858)
821,3859,100542 (3859)
822,3860,100063 (3860)
823,3862,100484 (3862)
824,3865,100462 (3865)
825,3866,100053 (3866)
826,3867,100546 (3867)
827,3868,100065 (3868)
828,3869,100613 (3869)
829,3870,100121 (3870)
830,3871,406711 (3871)
831,3872,100445 (3872)
832,3873,100601 (3873)
833,3874,100124 (3874)
834,3875,100603 (3875)
835,3876,100424 (3876)
836,3877,406603 (3877)
837,3878,100412 (3878)
838,3879,100532 (3879)
839,3880,100604 (3880)
840,3881,100612 (3881)
841,3882,100062 (3882)
842,3883,100064 (3883)
843,3884,406704 (3884)
844,3886,100414 (3886)
845,3888,100502 (3888)
846,3889,100482 (3889)
847,3890,100132 (3890)
848,3891,100417 (3891)
849,3893,100463 (3893)
850,3894,100483 (3894)
851,3895,100605 (3895)
852,3896,407030 (3896)
853,3897,406431 (3897)
854,3898,100123 (3898)
855,3899,406702 (3899)
856,3900,100551 (3900)
857,3901,100602 (3901)
858,3903,100442 (3903)
859,3904,406714 (3904)
860,3906,100444 (3906)
861,3908,100066 (3908)
862,3909,100126 (3909)
863,3912,100552 (3912)
864,3915,100774 (3915)
865,3916,100423 (3916)
866,3917,100553 (3917)
867,3918,100625 (3918)
868,3919,100131 (3919)
869,3920,406751 (3920)
870,3922,100761 (3922)
871,3923,406750 (3923)
872,3925,100554 (3925)
873,3927,100626 (3927)
874,3928,100125 (3928)
875,3929,406741 (3929)
876,3930,406701 (3930)
877,3931,100464 (3931)
878,3934,100627 (3934)
879,3935,100402 (3935)
880,3936,100629 (3936)
881,3938,100443 (3938)
882,3941,100422 (3941)
883,3943,10062A (3943)
884,3945,100413 (3945)
885,3946,100621 (3946)
886,3949,100403 (3949)
887,3950,406420 (3950)
888,3951,100624 (3951)
889,3952,100401 (3952)
890,3953,100628 (3953)
891,3954,406740 (3954)
892,3958,100631 (3958)
893,3959,100751 (3959)
894,3960,406435 (3960)
895,3966,100632 (3966)
896,3967,406522 (3967)
897,3969,100782 (3969)
898,3970,100634 (3970)
899,3971,406732 (3971)
900,3972,100623 (3972)
901,3973,406510 (3973)
902,3977,100633 (3977)
903,3978,10062B (3978)
904,3981,100622 (3981)
905,3982,100772 (3982)
906,3983,406715 (3983)
907,3985,100762 (3985)
908,3987,406162 (3987)
909,3988,100773 (3988)
910,3989,100771 (3989)
911,3990,10062C (3990)
912,3991,100641 (3991)
913,3992,100752 (3992)
914,3993,10062D (3993)
915,3994,100691 (3994)
916,3996,100651 (3996)
917,3997,406520 (3997)
918,4000,100646 (4000)
919,4001,406511 (4001)
920,4003,100763 (4003)
921,4005,100652 (4005)
922,4006,406713 (4006)
923,4007,406521 (4007)
924,4008,100781 (4008)
925,4011,100642 (4011)
926,4012,100811 (4012)
927,4013,100693 (4013)
928,4017,100645 (4017)
929,4019,100754 (4019)
930,4020,100764 (4020)
931,4021,406720 (4021)
932,4022,100661 (4022)
933,4023,406500 (4023)
934,4024,100663 (4024)
935,4025,100662 (4025)
936,4026,101131 (4026)
937,4028,101136 (4028)
938,4031,101141 (4031)
939,4032,100653 (4032)
940,4033,100821 (4033)
941,4034,100643 (4034)
942,4037,101146 (4037)
943,4038,100826 (4038)
944,4039,101151 (4039)
945,4041,100827 (4041)
946,4043,100692 (4043)
947,4044,101157 (4044)
948,4045,100831 (4045)
949,4046,101161 (4046)
950,4047,100665 (4047)
951,4048,100835 (4048)
952,4050,101171 (4050)
953,4051,100664 (4051)
954,4052,100644 (4052)
955,4053,100813 (4053)
956,4055,101132 (4055)
957,4056,406512 (4056)
958,4057,101178 (4057)
959,4058,101135 (4058)
960,4059,100836 (4059)
961,4060,100741 (4060)
962,4064,101142 (4064)
963,4065,100731 (4065)
964,4069,100697 (4069)
965,4070,101152 (4070)
966,4071,100822 (4071)
967,4075,10069A (4075)
968,4076,101162 (4076)
969,4077,100694 (4077)
970,4080,101172 (4080)
971,4081,101133 (4081)
972,4082,100671 (4082)
973,4083,406490 (4083)
974,4084,100675 (4084)
975,4085,100742 (4085)
976,4086,101134 (4086)
977,4089,101143 (4089)
978,4090,100676 (4090)
979,4093,100825 (4093)
980,4094,406461 (4094)
981,4095,101153 (4095)
982,4096,100695 (4096)
983,4100,101163 (4100)
984,4101,100834 (4101)
985,4102,100832 (4102)
986,4103,100837 (4103)
987,4104,100812 (4104)
988,4105,101173 (4105)
989,4107,101121 (4107)
990,4108,100823 (4108)
991,4110,100732 (4110)
992,4111,100743 (4111)
993,4112,101127 (4112)
994,4114,101144 (4114)
995,4115,406502 (4115)
996,4116,100699 (4116)
997,4117,101154 (4117)
998,4118,100696 (4118)
999,4119,101156 (4119)
1000,4120,100672 (4120)
1001,4121,101164 (4121)
1002,4122,100667 (4122)
1003,4123,100744 (4123)
1004,4125,100674 (4125)
1005,4127,101174 (4127)
1006,4128,100677 (4128)
1007,4131,101126 (4131)
1008,4132,100698 (4132)
1009,4134,101145 (4134)
1010,4136,100833 (4136)
1011,4138,100838 (4138)
1012,4139,101155 (4139)
1013,4140,406491 (4140)
1014,4143,100824 (4143)
1015,4144,101165 (4144)
1016,4145,100673 (4145)
1017,4146,100733 (4146)
1018,4147,406410 (4147)
1019,4148,100666 (4148)
1020,4149,101175 (4149)
1021,4150,100701 (4150)
1022,4152,101122 (4152)
1023,4153,100704 (4153)
1024,4156,101125 (4156)
1025,4157,100681 (4157)
1026,4158,101211 (4158)
1027,4159,101216 (4159)
1028,4160,100721 (4160)
1029,4161,101201 (4161)
1030,4162,100724 (4162)
1031,4163,100683 (4163)
1032,4164,100711 (4164)
1033,4165,101166 (4165)
1034,4167,101176 (4167)
1035,4168,406462 (4168)
1036,4171,100843 (4171)
1037,4172,100841 (4172)
1038,4175,100844 (4175)
1039,4182,406492 (4182)
1040,4183,100847 (4183)
1041,4184,101215 (4184)
1042,4185,100678 (4185)
1043,4187,100679 (4187)
1044,4188,100703 (4188)
1045,4191,101202 (4191)
1046,4192,100712 (4192)
1047,4194,100955 (4194)
1048,4195,406401 (4195)
1049,4196,100702 (4196)
1050,4197,101167 (4197)
1051,4198,101123 (4198)
1052,4199,101177 (4199)
1053,4200,101111 (4200)
1054,4201,100941 (4201)
1055,4202,100682 (4202)
1056,4206,100944 (4206)
1057,4207,100846 (4207)
1058,4208,101124 (4208)
1059,4210,100713 (4210)
1060,4212,100705 (4212)
1061,4213,101203 (4213)
1062,4215,100707 (4215)
1063,4216,100842 (4216)
1064,4217,101191 (4217)
1065,4218,100845 (4218)
1066,4219,100684 (4219)
1067,4221,100686 (4221)
1068,4222,101114 (4222)
1069,4223,101113 (4223)
1070,4224,100722 (4224)
1071,4225,100848 (4225)
1072,4227,100723 (4227)
1073,4228,100714 (4228)
1074,4229,101212 (4229)
1075,4230,100706 (4230)
1076,4232,101204 (4232)
1077,4233,406480 (4233)
1078,4235,406463 (4235)
1079,4237,100852 (4237)
1080,4238,100685 (4238)
1081,4239,101196 (4239)
1082,4240,101181 (4240)
1083,4241,101185 (4241)
1084,4242,406481 (4242)
1085,4244,100851 (4244)
1086,4247,100882 (4247)
1087,4250,100854 (4250)
1088,4251,101214 (4251)
1089,4255,100864 (4255)
1090,4256,406406 (4256)
1091,4257,101205 (4257)
1092,4258,100871 (4258)
1093,4262,101112 (4262)
1094,4263,100875 (4263)
1095,4264,100881 (4264)
1096,4265,100943 (4265)
1097,4266,101117 (4266)
1098,4268,101115 (4268)
1099,4269,100855 (4269)
1100,4272,100872 (4272)
1101,4273,100893 (4273)
1102,4275,100956 (4275)
1103,4276,101206 (4276)
1104,4277,100861 (4277)
1105,4278,100942 (4278)
1106,4280,101119 (4280)
1107,4281,101118 (4281)
1108,4282,100859 (4282)
1109,4284,100874 (4284)
1110,4286,100856 (4286)
1111,4287,101116 (4287)
1112,4289,406470 (4289)
1113,4290,101213 (4290)
1114,4293,101207 (4293)
1115,4294,101192 (4294)
1116,4295,100873 (4295)
1117,4296,100863 (4296)
1118,4299,101182 (4299)
1119,4300,101101 (4300)
1120,4302,101184 (4302)
1121,4303,101105 (4303)
1122,4304,101091 (4304)
1123,4308,100891 (4308)
1124,4309,101221 (4309)
1125,4313,100862 (4313)
1126,4314,100857 (4314)
1127,4315,100953 (4315)
1128,4316,101227 (4316)
1129,4317,100858 (4317)
1130,4319,100894 (4319)
1131,4322,101195 (4322)
1132,4323,101104 (4323)
1133,4324,101222 (4324)
1134,4329,100906 (4329)
1135,4330,101226 (4330)
1136,4331,100951 (4331)
1137,4333,100895 (4333)
1138,4334,101193 (4334)
1139,4335,101102 (4335)
1140,4336,100952 (4336)
1141,4337,406464 (4337)
1142,4338,100901 (4338)
1143,4339,100934 (4339)
1144,4340,100931 (4340)
1145,4346,100902 (4346)
1146,4347,100853 (4347)
1147,4354,101103 (4354)
1148,4359,100905 (4359)
1149,4360,101223 (4360)
1150,4362,100903 (4362)
1151,4365,101225 (4365)
1152,4366,101224 (4366)
1153,4367,101093 (4367)
1154,4369,100896 (4369)
1155,4370,101183 (4370)
1156,4371,101092 (4371)
1157,4372,100915 (4372)
1158,4374,100907 (4374)
1159,4377,100892 (4377)
1160,4378,100898 (4378)
1161,4379,406381 (4379)
1162,4381,100933 (4381)
1163,4382,100932 (4382)
1164,4385,101261 (4385)
1165,4387,101194 (4387)
1166,4388,100897 (4388)
1167,4389,100908 (4389)
1168,4390,100904 (4390)
1169,4391,100916 (4391)
1170,4392,406382 (4392)
1171,4393,101241 (4393)
1172,4394,101041 (4394)
1173,4395,100971 (4395)
1174,4397,101265 (4397)
1175,4398,101231 (4398)
1176,4399,101266 (4399)
1177,4400,101232 (4400)
1178,4401,101071 (4401)
1179,4402,101081 (4402)
1180,4404,101233 (4404)
1181,4405,101234 (4405)
1182,4406,100967 (4406)
1183,4407,406365 (4407)
1184,4408,406331 (4408)
1185,4412,101235 (4412)
1186,4414,101042 (4414)
1187,4415,101262 (4415)
1188,4416,101085 (4416)
1189,4418,100965 (4418)
1190,4419,10091A (4419)
1191,4423,100911 (4423)
1192,4425,101084 (4425)
1193,4426,101082 (4426)
1194,4427,101047 (4427)
1195,4428,100919 (4428)
1196,4429,101072 (4429)
1197,4431,406350 (4431)
1198,4432,101251 (4432)
1199,4433,100966 (4433)
1200,4434,101264 (4434)
1201,4435,101046 (4435)
1202,4436,100914 (4436)
1203,4437,100964 (4437)
1204,4438,101073 (4438)
1205,4442,100921 (4442)
1206,4444,101043 (4444)
1207,4445,100912 (4445)
1208,4446,100918 (4446)
1209,4447,101083 (4447)
1210,4448,100961 (4448)
1211,4449,100963 (4449)
1212,4451,101008 (4451)
1213,4452,101001 (4452)
1214,4453,100913 (4453)
1215,4454,405351 (4454)
1216,4455,10091D (4455)
1217,4457,100917 (4457)
1218,4458,100983 (4458)
1219,4459,406351 (4459)
1220,4460,406334 (4460)
1221,4461,101007 (4461)
1222,4462,406310 (4462)
1223,4464,101263 (4464)
1224,4465,101044 (4465)
1225,4467,101045 (4467)
1226,4468,101267 (4468)
1227,4473,101066 (4473)
1228,4474,10099A (4474)
1229,4475,100981 (4475)
1230,4476,101006 (4476)
1231,4477,101065 (4477)
1232,4478,10091E (4478)
1233,4479,10091B (4479)
1234,4480,101257 (4480)
1235,4482,10091C (4482)
1236,4483,101031 (4483)
1237,4486,101034 (4486)
1238,4487,101002 (4487)
1239,4489,100982 (4489)
1240,4490,101064 (4490)
1241,4491,406332 (4491)
1242,4493,101061 (4493)
1243,4498,101067 (4498)
1244,4499,101271 (4499)
1245,4500,101277 (4500)
1246,4501,101005 (4501)
1247,4503,406312 (4503)
1248,4504,10091F (4504)
1249,4505,101252 (4505)
1250,4506,101003 (4506)
1251,4507,100984 (4507)
1252,4508,101253 (4508)
1253,4511,101004 (4511)
1254,4512,101063 (4512)
1255,4513,101276 (4513)
1256,4514,101062 (4514)
1257,4515,101255 (4515)
1258,4516,101033 (4516)
1259,4517,101032 (4517)
1260,4519,100998 (4519)
1261,4520,101254 (4520)
1262,4521,100991 (4521)
1263,4522,406302 (4522)
1264,4523,101256 (4523)
1265,4524,101052 (4524)
1266,4525,101055 (4525)
1267,4526,101051 (4526)
1268,4527,101272 (4527)
1269,4528,101275 (4528)
1270,4529,100997 (4529)
1271,4531,101021 (4531)
1272,4532,101014 (4532)
1273,4533,406230 (4533)
1274,4535,101274 (4535)
1275,4537,101054 (4537)
1276,4538,101011 (4538)
1277,4539,406340 (4539)
1278,4540,101015 (4540)
1279,4541,100996 (4541)
1280,4543,100985 (4543)
1281,4544,406333 (4544)
1282,4545,100992 (4545)
1283,4547,406271 (4547)
1284,4548,100995 (4548)
1285,4550,101273 (4550)
1286,4551,101013 (4551)
1287,4557,101016 (4557)
1288,4562,101053 (4562)
1289,4571,101018 (4571)
1290,4572,101023 (4572)
1291,4573,101012 (4573)
1292,4575,100993 (4575)
1293,4576,101022 (4576)
1294,4577,100994 (4577)
1295,4578,101017 (4578)
1296,4580,101024 (4580)
1297,4585,101025 (4585)
1298,4591,406252 (4591)
1299,4592,201344 (4592)
1300,4593,201343 (4593)
1301,4594,201342 (4594)
1302,4595,201341 (4595)
1303,4596,201353 (4596)
1304,4597,201295 (4597)
1305,4598,201293 (4598)
1306,4599,201285 (4599)
1307,4600,201286 (4600)
1308,4601,201281 (4601)
1309,4602,201282 (4602)
1310,4603,201334 (4603)
1311,4604,201331 (4604)
1312,4605,201333 (4605)
1313,4608,201332 (4608)
1314,4623,201283 (4623)
1315,4630,201291 (4630)
1316,4631,201284 (4631)
1317,4633,201335 (4633)
1318,4634,406241 (4634)
1319,4637,406171 (4637)
1320,4639,406172 (4639)
1321,4640,406164 (4640)
1322,4644,405332 (4644)
1323,4646,201321 (4646)
1324,4648,201311 (4648)
1325,4653,405863 (4653)
1326,4656,405301 (4656)
1327,4662,201292 (4662)
1328,4663,201322 (4663)
1329,4665,405262 (4665)
1330,4668,405263 (4668)
1331,4669,406270 (4669)
1332,4670,406272 (4670)
1333,4676,405321 (4676)
1334,4679,201301 (4679)
1335,4682,201305 (4682)
1336,4683,201309 (4683)
1337,4697,406242 (4697)
1338,4699,406282 (4699)
1339,4700,406250 (4700)
1340,4701,406243 (4701)
1341,4705,201336 (4705)
1342,4710,201306 (4710)
1343,4712,201315 (4712)
1344,4713,406151 (4713)
1345,4714,201312 (4714)
1346,4716,406210 (4716)
1347,4728,201337 (4728)
1348,4730,201373 (4730)
1349,4732,201314 (4732)
1350,4733,201371 (4733)
1351,4734,406140 (4734)
1352,4736,201361 (4736)
1353,4756,201308 (4756)
1354,4762,406095 (4762)
1355,4764,406131 (4764)
1356,4765,406133 (4765)
1357,4767,201313 (4767)
1358,4768,406130 (4768)
1359,4769,406112 (4769)
1360,4770,406273 (4770)
1361,4771,406110 (4771)
1362,4773,201307 (4773)
1363,4775,201372 (4775)
1364,4780,201381 (4780)
1365,4784,201352 (4784)
1366,4788,201383 (4788)
1367,4791,406056 (4791)
1368,4794,201302 (4794)
1369,4795,201362 (4795)
1370,4796,201351 (4796)
1371,4803,406101 (4803)
1372,4807,201471 (4807)
1373,4811,406057 (4811)
1374,4813,201382 (4813)
1375,4816,201303 (4816)
1376,4817,201393 (4817)
1377,4819,201363 (4819)
1378,4850,406052 (4850)
1379,4852,201436 (4852)
1380,4860,406061 (4860)
1381,4870,201392 (4870)
1382,4871,201391 (4871)
1383,4890,405961 (4890)
1384,4894,201463 (4894)
1385,4895,201441 (4895)
1386,4900,201394 (4900)
1387,4904,201461 (4904)
1388,4905,201451 (4905)
1389,4906,201501 (4906)
1390,4912,201433 (4912)
1391,4923,201474 (4923)
1392,4928,405954 (4928)
1393,4929,405970 (4929)
1394,4930,201443 (4930)
1395,4931,201462 (4931)
1396,4934,405962 (4934)
1397,4935,201442 (4935)
1398,4936,201472 (4936)
1399,4939,201401 (4939)
1400,4940,201481 (4940)
1401,4954,201434 (4954)
1402,4955,201432 (4955)
1403,4956,201444 (4956)
1404,4958,201402 (4958)
1405,4959,201503 (4959)
1406,4961,201452 (4961)
1407,4962,201482 (4962)
1408,4966,201431 (4966)
1409,4970,201473 (4970)
1410,4974,201475 (4974)
1411,4975,201483 (4975)
1412,4980,201421 (4980)
1413,4984,201495 (4984)
1414,4990,201445 (4990)
1415,4991,201494 (4991)
1416,4995,201491 (4995)
1417,5002,201492 (5002)
1418,5004,405930 (5004)
1419,5012,201493 (5012)
1420,5013,201435 (5013)
1421,5014,201512 (5014)
1422,5020,201541 (5020)
1423,5021,405931 (5021)
1424,5029,201511 (5029)
1425,5038,201502 (5038)
1426,5039,201553 (5039)
1427,5040,201403 (5040)
1428,5043,201554 (5043)
1429,5068,201414 (5068)
1430,5069,201411 (5069)
1431,5076,405920 (5076)
1432,5078,201551 (5078)
1433,5086,201542 (5086)
1434,5087,201552 (5087)
1435,5092,201522 (5092)
1436,5102,201524 (5102)
1437,5109,201531 (5109)
1438,5114,201561 (5114)
1439,5121,201572 (5121)
1440,5129,201562 (5129)
1441,5130,405956 (5130)
1442,5134,201643 (5134)
1443,5135,201659 (5135)
1444,5138,201521 (5138)
1445,5145,201413 (5145)
1446,5146,201532 (5146)
1447,5151,201412 (5151)
1448,5153,201573 (5153)
1449,5154,405832 (5154)
1450,5156,405821 (5156)
1451,5158,405831 (5158)
1452,5159,201581 (5159)
1453,5160,201644 (5160)
1454,5161,201662 (5161)
1455,5162,405952 (5162)
1456,5164,201642 (5164)
1457,5165,201621 (5165)
1458,5166,201582 (5166)
1459,5167,201645 (5167)
1460,5175,201637 (5175)
1461,5180,201638 (5180)
1462,5183,201641 (5183)
1463,5185,201639 (5185)
1464,5186,405833 (5186)
1465,5187,405822 (5187)
1466,5191,20163A (5191)
1467,5195,201622 (5195)
1468,5198,201631 (5198)
1469,5200,201746 (5200)
1470,5202,201634 (5202)
1471,5204,201632 (5204)
1472,5205,201661 (5205)
1473,5210,201636 (5210)
1474,5211,201633 (5211)
1475,5215,201663 (5215)
1476,5221,405811 (5221)
1477,5223,201701 (5223)
1478,5238,201594 (5238)
1479,5239,201673 (5239)
1480,5242,201702 (5242)
1481,5245,201681 (5245)
1482,5247,201601 (5247)
1483,5249,405761 (5249)
1484,5251,201674 (5251)
1485,5259,201711 (5259)
1486,5261,201675 (5261)
1487,5263,201676 (5263)
1488,5265,201682 (5265)
1489,5266,201683 (5266)
1490,5270,201677 (5270)
1491,5271,405812 (5271)
1492,5272,405770 (5272)
1493,5274,201721 (5274)
1494,5275,201691 (5275)
1495,5282,201592 (5282)
1496,5283,201684 (5283)
1497,5285,201712 (5285)
1498,5286,201602 (5286)
1499,5287,201713 (5287)
1500,5288,201591 (5288)
1501,5292,201789 (5292)
1502,5293,201722 (5293)
1503,5294,405782 (5294)
1504,5295,201821 (5295)
1505,5299,201692 (5299)
1506,5300,201723 (5300)
1507,5303,201785 (5303)
1508,5306,201727 (5306)
1509,5307,201725 (5307)
1510,5309,405713 (5309)
1511,5310,201728 (5310)
1512,5312,201771 (5312)
1513,5313,201784 (5313)
1514,5314,201814 (5314)
1515,5315,201731 (5315)
1516,5317,20172A (5317)
1517,5318,201781 (5318)
1518,5319,201782 (5319)
1519,5320,201774 (5320)
1520,5324,201724 (5324)
1521,5326,201772 (5326)
1522,5327,201773 (5327)
1523,5328,201783 (5328)
1524,5329,201729 (5329)
1525,5333,201791 (5333)
1526,5337,405783 (5337)
1527,5338,405711 (5338)
1528,5339,201764 (5339)
1529,5341,201831 (5341)
1530,5342,201761 (5342)
1531,5343,201815 (5343)
1532,5344,201792 (5344)
1533,5345,201822 (5345)
1534,5346,201793 (5346)
1535,5347,201762 (5347)
1536,5349,201832 (5349)
1537,5350,201811 (5350)
1538,5352,201794 (5352)
1539,5353,201823 (5353)
1540,5355,201933 (5355)
1541,5356,201821 (5356)
1542,5357,201833 (5357)
1543,5358,201812 (5358)
1544,5359,201955 (5359)
1545,5362,201801 (5362)
1546,5363,201931 (5363)
1547,5364,201932 (5364)
1548,5367,201971 (5367)
1549,5369,201813 (5369)
1550,5370,201951 (5370)
1551,5371,201802 (5371)
1552,5372,201834 (5372)
1553,5373,405793 (5373)
1554,5374,201803 (5374)
1555,5375,405700 (5375)
1556,5376,405792 (5376)
1557,5377,201941 (5377)
1558,5378,201837 (5378)
1559,5379,201835 (5379)
1560,5380,201841 (5380)
1561,5381,201763 (5381)
1562,5382,201934 (5382)
1563,5384,201935 (5384)
1564,5385,201936 (5385)
1565,5386,201861 (5386)
1566,5387,201836 (5387)
1567,5391,201954 (5391)
1568,5393,201921 (5393)
1569,5397,201961 (5397)
1570,5398,201864 (5398)
1571,5399,201838 (5399)
1572,5400,201972 (5400)
1573,5401,201925 (5401)
1574,5402,405691 (5402)
1575,5403,201843 (5403)
1576,5406,201939 (5406)
1577,5409,201851 (5409)
1578,5412,201911 (5412)
1579,5413,201922 (5413)
1580,5415,405701 (5415)
1581,5416,201862 (5416)
1582,5417,201923 (5417)
1583,5419,201953 (5419)
1584,5420,201852 (5420)
1585,5421,201853 (5421)
1586,5422,201952 (5422)
1587,5428,201912 (5428)
1588,5429,201914 (5429)
1589,5430,201983 (5430)
1590,5431,202091 (5431)
1591,5432,201854 (5432)
1592,5433,201745 (5433)
1593,5435,201863 (5435)
1594,5436,201982 (5436)
1595,5438,201913 (5438)
1596,5439,202001 (5439)
1597,5444,202011 (5444)
1598,5446,405651 (5446)
1599,5449,202012 (5449)
1600,5454,405671 (5454)
1601,5455,201891 (5455)
1602,5456,201901 (5456)
1603,5460,202002 (5460)
1604,5464,201996 (5464)
1605,5465,201985 (5465)
1606,5469,201892 (5469)
1607,5471,201902 (5471)
1608,5474,201903 (5474)
1609,5477,202109 (5477)
1610,5478,405582 (5478)
1611,5479,202021 (5479)
1612,5481,201904 (5481)
1613,5484,202024 (5484)
1614,5486,202031 (5486)
1615,5488,405672 (5488)
1616,5489,202093 (5489)
1617,5491,201882 (5491)
1618,5492,202046 (5492)
1619,5495,201732 (5495)
1620,5496,201881 (5496)
1621,5506,405575 (5506)
1622,5509,202047 (5509)
1623,5510,202025 (5510)
1624,5511,202092 (5511)
1625,5514,201733 (5514)
1626,5518,405560 (5518)
1627,5522,202082 (5522)
1628,5523,202032 (5523)
1629,5524,202026 (5524)
1630,5526,201871 (5526)
1631,5532,201884 (5532)
1632,5533,201883 (5533)
1633,5538,202033 (5538)
1634,5539,202081 (5539)
1635,5540,202083 (5540)
1636,5541,202094 (5541)
1637,5544,405574 (5544)
1638,5545,202072 (5545)
1639,5547,405431 (5547)
1640,5552,201872 (5552)
1641,5553,202111 (5553)
1642,5563,202073 (5563)
1643,5566,201734 (5566)
1644,5573,405423 (5573)
1645,5574,405430 (5574)
1646,5577,202055 (5577)
1647,5578,202076 (5578)
1648,5582,201741 (5582)
1649,5584,202078 (5584)
1650,5586,202113 (5586)
1651,5591,202121 (5591)
1652,5596,202131 (5596)
1653,5599,202061 (5599)
1654,5600,201752 (5600)
1655,5602,202115 (5602)
1656,5604,202122 (5604)
1657,5606,201743 (5606)
1658,5609,202114 (5609)
1659,5611,202132 (5611)
1660,5615,202141 (5615)
1661,5616,202329 (5616)
1662,5620,202123 (5620)
1663,5625,202124 (5625)
1664,5626,202151 (5626)
1665,5635,202125 (5635)
1666,5637,202126 (5637)
1667,5638,202161 (5638)
1668,5639,202181 (5639)
1669,5640,202199 (5640)
1670,5641,20219A (5641)
1671,5644,202145 (5644)
1672,5656,202142 (5656)
1673,5659,202175 (5659)
1674,5664,202144 (5664)
1675,5665,202193 (5665)
1676,5666,202198 (5666)
1677,5669,202194 (5669)
1678,5670,202197 (5670)
1679,5671,202171 (5671)
1680,5673,202173 (5673)
1681,5674,202323 (5674)
1682,5676,202191 (5676)
1683,5677,202143 (5677)
1684,5678,202409 (5678)
1685,5679,202311 (5679)
1686,5683,202174 (5683)
1687,5685,202203 (5685)
1688,5686,202212 (5686)
1689,5687,202195 (5687)
1690,5688,202172 (5688)
1691,5693,202196 (5693)
1692,5696,201751 (5696)
1693,5701,202321 (5701)
1694,5704,202322 (5704)
1695,5707,202202 (5707)
1696,5708,202335 (5708)
1697,5711,302751 (5711)
1698,5712,202301 (5712)
1699,5715,201753 (5715)
1700,5716,202292 (5716)
1701,5717,202305 (5717)
1702,5718,202334 (5718)
1703,5719,202333 (5719)
1704,5721,202302 (5721)
1705,5723,202293 (5723)
1706,5724,202291 (5724)
1707,5725,202307 (5725)
1708,5726,202229 (5726)
1709,5727,202393 (5727)
1710,5730,202214 (5730)
1711,5731,202211 (5731)
1712,5732,202308 (5732)
1713,5734,202332 (5734)
1714,5735,202331 (5735)
1715,5736,202215 (5736)
1716,5737,202377 (5737)
1717,5738,202391 (5738)
1718,5739,202304 (5739)
1719,5742,202376 (5742)
1720,5743,202371 (5743)
1721,5745,202275 (5745)
1722,5746,202207 (5746)
1723,5752,303151 (5752)
1724,5753,202247 (5753)
1725,5754,202381 (5754)
1726,5755,202274 (5755)
1727,5756,202206 (5756)
1728,5758,302753 (5758)
1729,5760,202341 (5760)
1730,5762,202415 (5762)
1731,5765,202375 (5765)
1732,5766,202231 (5766)
1733,5768,202372 (5768)
1734,5770,202234 (5770)
1735,5773,202382 (5773)
1736,5774,202271 (5774)
1737,5775,303152 (5775)
1738,5780,202373 (5780)
1739,5781,202342 (5781)
1740,5784,302462 (5784)
1741,5785,202414 (5785)
1742,5786,302464 (5786)
1743,5787,302461 (5787)
1744,5788,202282 (5788)
1745,5789,202345 (5789)
1746,5790,202353 (5790)
1747,5792,202241 (5792)
1748,5794,202344 (5794)
1749,5795,302470 (5795)
1750,5797,302451 (5797)
1751,5798,202351 (5798)
1752,5799,202273 (5799)
1753,5800,302452 (5800)
1754,5801,202352 (5801)
1755,5802,302752 (5802)
1756,5803,202283 (5803)
1757,5804,202272 (5804)
1758,5805,202362 (5805)
1759,5806,302453 (5806)
1760,5809,302471 (5809)
1761,5810,302463 (5810)
1762,5811,302473 (5811)
1763,5814,302446 (5814)
1764,5816,302454 (5816)
1765,5817,302563 (5817)
1766,5818,302445 (5818)
1767,5819,202361 (5819)
1768,5822,302455 (5822)
1769,5823,202243 (5823)
1770,5827,302472 (5827)
1771,5829,202363 (5829)
1772,5831,302447 (5831)
1773,5832,202364 (5832)
1774,5833,302562 (5833)
1775,5834,302560 (5834)
1776,5836,302481 (5836)
1777,5837,202261 (5837)
1778,5839,302485 (5839)
1779,5840,202244 (5840)
1780,5841,202262 (5841)
1781,5842,302441 (5842)
1782,5843,302482 (5843)
1783,5847,302754 (5847)
1784,5848,302570 (5848)
1785,5850,302561 (5850)
1786,5851,302484 (5851)
1787,5853,302762 (5853)
1788,5854,302555 (5854)
1789,5858,302442 (5858)
1790,5859,302444 (5859)
1791,5862,202263 (5862)
1792,5864,302554 (5864)
1793,5865,302571 (5865)
1794,5866,302572 (5866)
1795,5868,202264 (5868)
1796,5873,202266 (5873)
1797,5874,302490 (5874)
1798,5879,302552 (5879)
1799,5880,202267 (5880)
1800,5881,202268 (5881)
1801,5882,302700 (5882)
1802,5883,302551 (5883)
1803,5884,302483 (5884)
1804,5887,302582 (5887)
1805,5888,20226A (5888)
1806,5890,303302 (5890)
1807,5891,202258 (5891)
1808,5893,302510 (5893)
1809,5894,302443 (5894)
1810,5895,302491 (5895)
1811,5897,303290 (5897)
1812,5899,302500 (5899)
1813,5901,302761 (5901)
1814,5902,302701 (5902)
1815,5903,303162 (5903)
1816,5904,302501 (5904)
1817,5905,302581 (5905)
1818,5906,303303 (5906)
1819,5910,303161 (5910)
1820,5911,302540 (5911)
1821,5913,303142 (5913)
1822,5916,303141 (5916)
1823,5919,302884 (5919)
1824,5920,302553 (5920)
1825,5922,304620 (5922)
1826,5923,302710 (5923)
1827,5924,303120 (5924)
1828,5925,302691 (5925)
1829,5927,302541 (5927)
1830,5929,302883 (5929)
1831,5931,202251 (5931)
1832,5932,302591 (5932)
1833,5934,302882 (5934)
1834,5937,303110 (5937)
1835,5938,302721 (5938)
1836,5939,302692 (5939)
1837,5943,303280 (5943)
1838,5944,302511 (5944)
1839,5947,303092 (5947)
1840,5949,302771 (5949)
1841,5951,302885 (5951)
1842,5952,302592 (5952)
1843,5954,302720 (5954)
1844,5956,303133 (5956)
1845,5957,302520 (5957)
1846,5958,302602 (5958)
1847,5960,302890 (5960)
1848,5961,302891 (5961)
1849,5962,303100 (5962)
1850,5965,302782 (5965)
1851,5968,302593 (5968)
1852,5969,302712 (5969)
1853,5978,303132 (5978)
1854,5980,303093 (5980)
1855,5981,302861 (5981)
1856,5982,302594 (5982)
1857,5983,303171 (5983)
1858,5984,303265 (5984)
1859,5986,302601 (5986)
1860,5987,302533 (5987)
1861,5988,302680 (5988)
1862,5989,302862 (5989)
1863,5993,303101 (5993)
1864,5995,303094 (5995)
1865,5996,302772 (5996)
1866,5998,302900 (5998)
1867,6000,302901 (6000)
1868,6001,303273 (6001)
1869,6002,302730 (6002)
1870,6005,302783 (6005)
1871,6010,302681 (6010)
1872,6011,302902 (6011)
1873,6019,303183 (6019)
1874,6023,303080 (6023)
1875,6025,302530 (6025)
1876,6026,303172 (6026)
1877,6027,302871 (6027)
1878,6029,302603 (6029)
1879,6030,302872 (6030)
1880,6031,303182 (6031)
1881,6032,302731 (6032)
1882,6033,202253 (6033)
1883,6036,302671 (6036)
1884,6037,303134 (6037)
1885,6038,302740 (6038)
1886,6041,303070 (6041)
1887,6046,302910 (6046)
1888,6052,303181 (6052)
1889,6055,302931 (6055)
1890,6056,303071 (6056)
1891,6057,302934 (6057)
1892,6059,302431 (6059)
1893,6063,302790 (6063)
1894,6066,302621 (6066)
1895,6067,303184 (6067)
1896,6068,302932 (6068)
1897,6069,303251 (6069)
1898,6070,302672 (6070)
1899,6072,303191 (6072)
1900,6075,302610 (6075)
1901,6077,302741 (6077)
1902,6078,302920 (6078)
1903,6082,303192 (6082)
1904,6083,302850 (6083)
1905,6084,304490 (6084)
1906,6086,302662 (6086)
1907,6093,302674 (6093)
1908,6094,302611 (6094)
1909,6095,302803 (6095)
1910,6096,303193 (6096)
1911,6098,302532 (6098)
1912,6099,302800 (6099)
1913,6100,302856 (6100)
1914,6105,302851 (6105)
1915,6106,303263 (6106)
1916,6108,302791 (6108)
1917,6109,302933 (6109)
1918,6110,302853 (6110)
1919,6111,303230 (6111)
1920,6112,304480 (6112)
1921,6115,303060 (6115)
1922,6116,302612 (6116)
1923,6122,303050 (6122)
1924,6125,302941 (6125)
1925,6135,303202 (6135)
1926,6138,302620 (6138)
1927,6139,302661 (6139)
1928,6140,303240 (6140)
1929,6142,302940 (6142)
1930,6143,302852 (6143)
1931,6146,303241 (6146)
1932,6153,303015 (6153)
1933,6154,302622 (6154)
1934,6157,302841 (6157)
1935,6160,302666 (6160)
1936,6161,303262 (6161)
1937,6162,302811 (6162)
1938,6165,304481 (6165)
1939,6172,303013 (6172)
1940,6174,302668 (6174)
1941,6175,304391 (6175)
1942,6177,302990 (6177)
1943,6178,303212 (6178)
1944,6180,302631 (6180)
1945,6181,302531 (6181)
1946,6183,303242 (6183)
1947,6184,303981 (6184)
1948,6186,302665 (6186)
1949,6188,303042 (6188)
1950,6190,302433 (6190)
1951,6196,303014 (6196)
1952,6199,303001 (6199)
1953,6202,302812 (6202)
1954,6210,303971 (6210)
1955,6211,304390 (6211)
1956,6217,303041 (6217)
1957,6219,302962 (6219)
1958,6228,302630 (6228)
1959,6233,302843 (6233)
1960,6235,302842 (6235)
1961,6241,303800 (6241)
1962,6255,303961 (6255)
1963,6259,304380 (6259)
1964,6264,303972 (6264)
1965,6268,303021 (6268)
1966,6273,302970 (6273)
1967,6276,302821 (6276)
1968,6277,302820 (6277)
1969,6284,302642 (6284)
1970,6294,303965 (6294)
1971,6297,303975 (6297)
1972,6300,302822 (6300)
1973,6304,304151 (6304)
1974,6307,303963 (6307)
1975,6318,303811 (6318)
1976,6322,302983 (6322)
1977,6326,302641 (6326)
1978,6328,302971 (6328)
1979,6340,303812 (6340)
1980,6341,303964 (6341)
1981,6346,303976 (6346)
1982,6352,303476 (6352)
1983,6353,302640 (6353)
1984,6358,304026 (6358)
1985,6364,304172 (6364)
1986,6365,303821 (6365)
1987,6366,304021 (6366)
1988,6374,303780 (6374)
1989,6376,304027 (6376)
1990,6379,303491 (6379)
1991,6382,303483 (6382)
1992,6383,303490 (6383)
1993,6385,303471 (6385)
1994,6386,303472 (6386)
1995,6387,303484 (6387)
1996,6390,303824 (6390)
1997,6393,304025 (6393)
1998,6398,303474 (6398)
1999,6399,303473 (6399)
2000,6400,303481 (6400)
2001,6401,303482 (6401)
2002,6402,303825 (6402)
2003,6403,304024 (6403)
2004,6410,304022 (6410)
2005,6413,303475 (6413)
2006,6419,303941 (6419)
2007,6435,303704 (6435)
2008,6440,304114 (6440)
2009,6441,303492 (6441)
2010,6442,303781 (6442)
2011,6444,304101 (6444)
2012,6451,304174 (6451)
2013,6453,304023 (6453)
2014,6460,303832 (6460)
2015,6469,304102 (6469)
2016,6477,304032 (6477)
2017,6485,303773 (6485)
2018,6488,303833 (6488)
2019,6489,303740 (6489)
2020,6490,303741 (6490)
2021,6491,303691 (6491)
2022,6493,303693 (6493)
2023,6496,303460 (6496)
2024,6499,303511 (6499)
2025,6500,304036 (6500)
2026,6506,304104 (6506)
2027,6509,303837 (6509)
2028,6510,303932 (6510)
2029,6512,303694 (6512)
2030,6515,303838 (6515)
2031,6521,303933 (6521)
2032,6523,304033 (6523)
2033,6525,304182 (6525)
2034,6531,303692 (6531)
2035,6535,303751 (6535)
2036,6537,303771 (6537)
2037,6538,303841 (6538)
2038,6540,303763 (6540)
2039,6541,303851 (6541)
2040,6548,304041 (6548)
2041,6553,303453 (6553)
2042,6554,303454 (6554)
2043,6576,304181 (6576)
2044,6584,304042 (6584)
2045,6603,303450 (6603)
2046,6633,304083 (6633)
2047,6634,303843 (6634)
2048,6640,303444 (6640)
2049,6645,304220 (6645)
2050,6649,303774 (6649)
2051,6660,303445 (6660)
2052,6674,303452 (6674)
2053,6683,303844 (6683)
2054,6709,304061 (6709)
2055,6716,303871 (6716)
2056,6721,303430 (6721)
2057,6724,303431 (6724)
2058,6729,303433 (6729)
2059,6736,303532 (6736)
2060,6774,303530 (6774)
2061,6783,304062 (6783)
2062,6791,303410 (6791)
2063,6793,303543 (6793)
2064,6806,303551 (6806)
2065,6813,303585 (6813)
2066,6821,303562 (6821)
2067,6829,304870 (6829)
2068,6830,303581 (6830)
2069,6835,303403 (6835)
2070,6837,303392 (6837)
2071,6848,304781 (6848)
2072,6850,304783 (6850)
2073,6857,304830 (6857)
2074,6858,303592 (6858)
2075,6859,304701 (6859)
2076,6861,304782 (6861)
2077,6863,303583 (6863)
2078,6876,303610 (6876)
2079,6877,303612 (6877)
2080,6878,303601 (6878)
2081,6887,303590 (6887)
2082,6890,303391 (6890)
2083,6928,303380 (6928)
2084,6930,303381 (6930)
